ts,side,entry,price,uPnL,resid_z,VWAP_s,VWAP_m
2025-10-02 04:29:00,-,-,1.6885,0.0,0.981,1.6958,1.7034
2025-10-02 04:30:00,-,-,1.6822,0.0,1.299,1.6922,1.7009
2025-10-02 04:31:00,-,-,1.6806,0.0,1.164,1.6889,1.6982
2025-10-02 04:32:00,-,-,1.6809,0.0,0.845,1.6866,1.696
2025-10-02 04:33:00,-,-,1.6778,0.0,1.048,1.6828,1.6931
2025-10-02 04:34:00,-,-,1.675,0.0,0.465,1.6803,1.6907
2025-10-02 04:35:00,-,-,1.6733,0.0,0.339,1.6782,1.6883
2025-10-02 04:36:00,-,-,1.6739,0.0,0.639,1.6763,1.6858
2025-10-02 04:37:00,-,-,1.6748,0.0,0.268,1.6754,1.6837
2025-10-02 04:38:00,-,-,1.6738,0.0,0.322,1.6743,1.6816
2025-10-02 04:39:00,-,-,1.6705,0.0,0.345,1.6728,1.6794
2025-10-02 04:40:00,-,-,1.6687,0.0,0.316,1.6718,1.6773
2025-10-02 04:41:00,-,-,1.669,0.0,0.079,1.6711,1.6756
2025-10-02 04:42:00,-,-,1.6682,0.0,1.27,1.6703,1.6741
2025-10-02 04:43:00,-,-,1.6755,0.0,0.55,1.6711,1.6738
2025-10-02 04:44:00,-,-,1.67515,0.0,-0.973,1.6712,1.6732
2025-10-02 04:45:00,-,-,1.673,0.0,1.266,1.6712,1.6726
2025-10-02 04:46:00,-,-,1.6659,0.0,-0.503,1.6701,1.6713
2025-10-02 04:47:00,-,-,1.6603,0.0,0.795,1.6681,1.6699
2025-10-02 04:48:00,-,-,1.6654,0.0,-0.111,1.6681,1.6695
2025-10-02 04:49:00,-,-,1.6684,0.0,0.089,1.668,1.6694
2025-10-02 04:50:00,-,-,1.6691,0.0,0.492,1.6664,1.6687
2025-10-02 04:51:00,-,-,1.6644,0.0,0.278,1.6654,1.6682
2025-10-02 04:52:00,-,-,1.6623,0.0,0.568,1.6639,1.6672
2025-10-02 04:53:00,-,-,1.6629,0.0,0.47,1.6639,1.6667
2025-10-02 04:54:00,-,-,1.6651,0.0,0.82,1.6645,1.6665
2025-10-02 04:55:00,-,-,1.6697,0.0,-0.104,1.665,1.6667
2025-10-02 04:56:00,-,-,1.6704,0.0,-0.113,1.6656,1.6667
2025-10-02 04:57:00,-,-,1.67195,0.0,-0.056,1.6666,1.6665
2025-10-02 04:58:00,-,-,1.6733,0.0,-0.168,1.668,1.6664
2025-10-02 04:59:00,-,-,1.673,0.0,-0.494,1.6695,1.6666
2025-10-02 05:00:00,-,-,1.6776,0.0,-0.467,1.6716,1.6678
2025-10-02 05:01:00,-,-,1.6772,0.0,-0.298,1.6731,1.6689
2025-10-02 05:02:00,-,-,1.67735,0.0,-1.16,1.6743,1.6697
2025-10-02 05:03:00,-,-,1.6777,0.0,-2.908,1.6754,1.6705
2025-10-02 05:04:00,-,-,1.6741,0.0,-2.701,1.6752,1.6709
2025-10-02 05:05:00,-,-,1.6665,0.0,0.838,1.6746,1.6713
2025-10-02 05:06:00,-,-,1.6687,0.0,0.061,1.6739,1.6719
2025-10-02 05:07:00,-,-,1.6695,0.0,0.234,1.673,1.6724
2025-10-02 05:08:00,-,-,1.6654,0.0,0.049,1.6712,1.6722
2025-10-02 05:09:00,-,-,1.6709,0.0,1.256,1.6703,1.6724
2025-10-02 05:10:00,-,-,1.6706,0.0,0.29,1.6696,1.6724
2025-10-02 05:11:00,-,-,1.6691,0.0,-0.778,1.6693,1.6721
2025-10-02 05:12:00,-,-,1.6649,0.0,-0.213,1.6683,1.6714
2025-10-02 05:13:00,-,-,1.6583,0.0,0.579,1.6663,1.6701
2025-10-02 05:14:00,-,-,1.6563,0.0,-0.793,1.6647,1.6686
2025-10-02 05:15:00,-,-,1.6579,0.0,-1.059,1.6632,1.6673
2025-10-02 05:16:00,-,-,1.654,0.0,0.855,1.6608,1.6655
2025-10-02 05:17:00,-,-,1.6487,0.0,1.639,1.6576,1.6635
2025-10-02 05:18:00,-,-,1.6517,0.0,0.629,1.6555,1.6622
2025-10-02 05:19:00,-,-,1.6545,0.0,0.918,1.6547,1.6613
2025-10-02 05:20:00,-,-,1.6527,0.0,0.728,1.6538,1.66
2025-10-02 05:21:00,-,-,1.6555,0.0,0.188,1.6535,1.6591
2025-10-02 05:22:00,-,-,1.6557,0.0,-0.204,1.6535,1.6583
2025-10-02 05:23:00,-,-,1.6566,0.0,-0.29,1.6543,1.6573
2025-10-02 05:24:00,-,-,1.661,0.0,0.125,1.6555,1.6566
2025-10-02 05:25:00,-,-,1.6553,0.0,0.864,1.6565,1.6561
2025-10-02 05:26:00,-,-,1.6632,0.0,-0.581,1.6581,1.6564
2025-10-02 05:27:00,-,-,1.6639,0.0,0.101,1.6594,1.6567
2025-10-02 05:28:00,-,-,1.6696,0.0,-0.044,1.6619,1.6577
2025-10-02 05:29:00,-,-,1.6699,0.0,-0.711,1.6639,1.6587
2025-10-02 05:30:00,-,-,1.6656,0.0,-0.639,1.6648,1.6597
2025-10-02 05:31:00,-,-,1.6606,0.0,-0.194,1.6649,1.6601
2025-10-02 05:32:00,-,-,1.66175,0.0,0.447,1.665,1.6608
2025-10-02 05:33:00,-,-,1.6658,0.0,-0.161,1.6658,1.6619
2025-10-02 05:34:00,-,-,1.6641,0.0,-0.758,1.6652,1.6625
2025-10-02 05:35:00,-,-,1.6632,0.0,-0.589,1.6644,1.6632
2025-10-02 05:36:00,-,-,1.6604,0.0,-0.759,1.6631,1.6634
2025-10-02 05:37:00,-,-,1.65,0.0,-0.102,1.6607,1.6626
2025-10-02 05:38:00,-,-,1.6506,0.0,0.497,1.6594,1.6622
2025-10-02 05:39:00,-,-,1.6484,0.0,0.46,1.6571,1.6612
2025-10-02 05:40:00,-,-,1.6521,0.0,0.948,1.6555,1.6605
2025-10-02 05:41:00,-,-,1.6551,0.0,0.057,1.6544,1.6598
2025-10-02 05:42:00,-,-,1.6539,0.0,0.155,1.6529,1.6585
2025-10-02 05:43:00,-,-,1.6514,0.0,-0.27,1.652,1.6573
2025-10-02 05:44:00,-,-,1.65405,0.0,1.063,1.6526,1.6567
2025-10-02 05:45:00,-,-,1.6549,0.0,0.224,1.6534,1.6563
2025-10-02 05:46:00,-,-,1.6567,0.0,-0.251,1.6543,1.6558
2025-10-02 05:47:00,-,-,1.6584,0.0,-0.549,1.655,1.6554
2025-10-02 05:48:00,-,-,1.6582,0.0,-0.169,1.6553,1.6548
2025-10-02 05:49:00,-,-,1.6592,0.0,-0.166,1.6563,1.6546
2025-10-02 05:50:00,-,-,1.6629,0.0,0.6,1.658,1.6551
2025-10-02 05:51:00,-,-,1.6614,0.0,-0.484,1.6589,1.6558
2025-10-02 05:52:00,-,-,1.6619,0.0,-1.365,1.6591,1.6563
2025-10-02 05:53:00,-,-,1.6609,0.0,-0.723,1.6599,1.6572
2025-10-02 05:54:00,-,-,1.6631,0.0,-0.79,1.661,1.658
2025-10-02 05:55:00,-,-,1.6635,0.0,-0.91,1.6619,1.6587
2025-10-02 05:56:00,-,-,1.6598,0.0,0.359,1.6614,1.659
2025-10-02 05:57:00,-,-,1.665,0.0,0.404,1.662,1.6599
2025-10-02 05:58:00,-,-,1.6654,0.0,-0.293,1.6629,1.6608
2025-10-02 05:59:00,-,-,1.66765,0.0,-0.206,1.6645,1.6619
2025-10-02 06:00:00,-,-,1.6717,0.0,0.386,1.6657,1.6629
2025-10-02 06:01:00,-,-,1.6692,0.0,-0.861,1.6666,1.6638
2025-10-02 06:02:00,-,-,1.6732,0.0,-0.231,1.6685,1.665
2025-10-02 06:03:00,-,-,1.674,0.0,0.848,1.6705,1.6661
2025-10-02 06:04:00,-,-,1.6777,0.0,-1.192,1.6724,1.6672
2025-10-02 06:05:00,-,-,1.6762,0.0,-0.232,1.6734,1.6683
2025-10-02 06:06:00,-,-,1.68065,0.0,-0.706,1.6753,1.6699
2025-10-02 06:07:00,-,-,1.6808,0.0,-0.681,1.6767,1.6713
2025-10-02 06:08:00,-,-,1.6841,0.0,0.247,1.6791,1.673
2025-10-02 06:09:00,-,-,1.6836,0.0,-1.05,1.6804,1.6745
2025-10-02 06:10:00,-,-,1.6845,0.0,0.895,1.6814,1.676
2025-10-02 06:11:00,-,-,1.6888,0.0,-0.388,1.6837,1.678
2025-10-02 06:12:00,-,-,1.6904,0.0,0.388,1.6856,1.6797
2025-10-02 06:13:00,-,-,1.6964,0.0,0.311,1.6882,1.6818
2025-10-02 06:14:00,-,-,1.6978,0.0,-0.864,1.6899,1.6834
2025-10-02 06:15:00,-,-,1.6997,0.0,-0.825,1.6924,1.6857
2025-10-02 06:16:00,-,-,1.6983,0.0,-0.541,1.6947,1.6875
2025-10-02 06:17:00,-,-,1.6994,0.0,-1.835,1.6968,1.6893
2025-10-02 06:18:00,-,-,1.6917,0.0,-0.183,1.6974,1.6905
2025-10-02 06:19:00,-,-,1.6922,0.0,-0.516,1.6967,1.6913
2025-10-02 06:20:00,-,-,1.68985,0.0,-0.28,1.6955,1.6918
2025-10-02 06:21:00,-,-,1.6862,0.0,0.332,1.6935,1.6919
2025-10-02 06:22:00,-,-,1.6915,0.0,0.237,1.6929,1.6926
2025-10-02 06:23:00,-,-,1.6877,0.0,0.094,1.6907,1.6927
2025-10-02 06:24:00,-,-,1.68945,0.0,0.394,1.6896,1.693
2025-10-02 06:25:00,-,-,1.689,0.0,-0.148,1.6899,1.6934
2025-10-02 06:26:00,-,-,1.6895,0.0,0.016,1.6895,1.693
2025-10-02 06:27:00,-,-,1.6888,0.0,0.172,1.6898,1.6925
2025-10-02 06:28:00,-,-,1.6874,0.0,0.034,1.6894,1.6916
2025-10-02 06:29:00,-,-,1.6901,0.0,0.112,1.6897,1.6911
2025-10-02 06:30:00,-,-,1.6928,0.0,0.112,1.6907,1.6908
2025-10-02 06:31:00,-,-,1.6971,0.0,-0.638,1.6915,1.6907
2025-10-02 06:32:00,-,-,1.6882,0.0,-0.394,1.691,1.6903
2025-10-02 06:33:00,-,-,1.6864,0.0,0.066,1.6902,1.6898
2025-10-02 06:34:00,-,-,1.6868,0.0,0.604,1.6905,1.6901
2025-10-02 06:35:00,-,-,1.6892,0.0,0.457,1.6912,1.6905
2025-10-02 06:36:00,-,-,1.6906,0.0,-0.744,1.6914,1.6906
2025-10-02 06:37:00,-,-,1.6908,0.0,-0.225,1.6907,1.6908
2025-10-02 06:38:00,-,-,1.6904,0.0,0.71,1.6904,1.6908
2025-10-02 06:39:00,-,-,1.6942,0.0,-0.181,1.6911,1.6909
2025-10-02 06:40:00,-,-,1.6889,0.0,0.36,1.6909,1.6906
2025-10-02 06:41:00,-,-,1.6921,0.0,0.141,1.6917,1.6912
2025-10-02 06:42:00,-,-,1.6945,0.0,-0.608,1.6921,1.6916
2025-10-02 06:43:00,-,-,1.6929,0.0,-0.612,1.6919,1.6916
2025-10-02 06:44:00,-,-,1.6876,0.0,-0.477,1.6915,1.691
2025-10-02 06:45:00,-,-,1.6871,0.0,0.499,1.6905,1.6905
2025-10-02 06:46:00,-,-,1.6891,0.0,-0.084,1.6904,1.6906
2025-10-02 06:47:00,-,-,1.6855,0.0,-0.046,1.6893,1.6903
2025-10-02 06:48:00,-,-,1.6903,0.0,0.217,1.6894,1.6906
2025-10-02 06:49:00,-,-,1.6927,0.0,-0.575,1.689,1.6905
2025-10-02 06:50:00,-,-,1.6864,0.0,-0.098,1.6879,1.6898
2025-10-02 06:51:00,-,-,1.689,0.0,0.072,1.6886,1.69
2025-10-02 06:52:00,-,-,1.6892,0.0,-0.713,1.6888,1.6897
2025-10-02 06:53:00,-,-,1.693,0.0,0.186,1.69,1.6901
2025-10-02 06:54:00,-,-,1.7013,0.0,-0.16,1.6925,1.6911
2025-10-02 06:55:00,-,-,1.7073,0.0,-0.488,1.695,1.6922
2025-10-02 06:56:00,-,-,1.7109,0.0,-0.307,1.699,1.6938
2025-10-02 06:57:00,-,-,1.7132,0.0,-0.677,1.7027,1.6954
2025-10-02 06:58:00,-,-,1.7119,0.0,-0.417,1.7064,1.6975
2025-10-02 06:59:00,-,-,1.7108,0.0,-0.379,1.7089,1.699
2025-10-02 07:00:00,-,-,1.7113,0.0,-0.819,1.7111,1.7008
2025-10-02 07:01:00,-,-,1.70475,0.0,-0.451,1.7107,1.7019
2025-10-02 07:02:00,-,-,1.7039,0.0,-0.278,1.71,1.7027
2025-10-02 07:03:00,-,-,1.7064,0.0,0.231,1.709,1.7041
2025-10-02 07:04:00,-,-,1.7092,0.0,0.296,1.7085,1.7057
2025-10-02 07:05:00,-,-,1.7084,0.0,0.38,1.7072,1.7066
2025-10-02 07:06:00,-,-,1.7038,0.0,0.798,1.7055,1.7073
2025-10-02 07:07:00,-,-,1.6989,0.0,-0.054,1.7038,1.7072
2025-10-02 07:08:00,-,-,1.7002,0.0,-0.165,1.7032,1.707
2025-10-02 07:09:00,-,-,1.7012,0.0,0.764,1.7025,1.7063
2025-10-02 07:10:00,-,-,1.698,0.0,0.833,1.701,1.7051
2025-10-02 07:11:00,-,-,1.7005,0.0,0.297,1.7001,1.7042
2025-10-02 07:12:00,-,-,1.69965,0.0,0.808,1.6996,1.7033
2025-10-02 07:13:00,-,-,1.7015,0.0,0.226,1.6998,1.7025
2025-10-02 07:14:00,-,-,1.7038,0.0,-0.702,1.7012,1.7025
2025-10-02 07:15:00,-,-,1.702,0.0,0.904,1.7013,1.7023
2025-10-02 07:16:00,-,-,1.7098,0.0,0.044,1.7031,1.7028
2025-10-02 07:17:00,-,-,1.7064,0.0,-0.667,1.7041,1.7026
2025-10-02 07:18:00,-,-,1.70805,0.0,0.013,1.7052,1.7027
2025-10-02 07:19:00,-,-,1.7094,0.0,0.008,1.7067,1.7032
2025-10-02 07:20:00,-,-,1.7117,0.0,-0.589,1.7079,1.7041
2025-10-02 07:21:00,-,-,1.7033,0.0,-0.469,1.7072,1.704
2025-10-02 07:22:00,-,-,1.7039,0.0,0.231,1.7071,1.7044
2025-10-02 07:23:00,-,-,1.70025,0.0,-0.14,1.7057,1.7043
2025-10-02 07:24:00,-,-,1.6971,0.0,0.988,1.7041,1.7041
2025-10-02 07:25:00,-,-,1.6959,0.0,2.058,1.7016,1.7035
2025-10-02 07:26:00,-,-,1.6947,0.0,0.238,1.6994,1.7031
2025-10-02 07:27:00,-,-,1.69195,0.0,0.966,1.6971,1.7022
2025-10-02 07:28:00,-,-,1.6929,0.0,1.59,1.6958,1.7016
2025-10-02 07:29:00,-,-,1.6951,0.0,0.366,1.6951,1.7009
2025-10-02 07:30:00,-,-,1.6905,0.0,-0.241,1.6936,1.6995
2025-10-02 07:31:00,-,-,1.6914,0.0,0.473,1.6929,1.6983
2025-10-02 07:32:00,-,-,1.6931,0.0,1.246,1.6931,1.6974
2025-10-02 07:33:00,-,-,1.6975,0.0,-0.531,1.6938,1.6965
2025-10-02 07:34:00,-,-,1.6941,0.0,0.048,1.6935,1.6954
2025-10-02 07:35:00,-,-,1.7,0.0,-0.3,1.6946,1.6953
2025-10-02 07:36:00,-,-,1.6993,0.0,-0.53,1.6955,1.6951
2025-10-02 07:37:00,-,-,1.6995,0.0,0.057,1.6966,1.6951
2025-10-02 07:38:00,-,-,1.7011,0.0,-0.536,1.6982,1.6956
2025-10-02 07:39:00,-,-,1.7004,0.0,-0.297,1.6987,1.696
2025-10-02 07:40:00,-,-,1.70165,0.0,-0.132,1.6999,1.6967
2025-10-02 07:41:00,-,-,1.69915,0.0,-0.062,1.6996,1.6968
2025-10-02 07:42:00,-,-,1.7009,0.0,-0.255,1.6999,1.6972
2025-10-02 07:43:00,-,-,1.7024,0.0,-0.94,1.7005,1.6979
2025-10-02 07:44:00,-,-,1.6987,0.0,-0.43,1.7005,1.6986
2025-10-02 07:45:00,-,-,1.7058,0.0,0.041,1.7018,1.7
2025-10-02 07:46:00,-,-,1.71,0.0,-0.41,1.7033,1.7011
2025-10-02 07:47:00,-,-,1.7139,0.0,0.014,1.7056,1.7026
2025-10-02 07:48:00,-,-,1.7162,0.0,-1.279,1.7083,1.7041
2025-10-02 07:49:00,-,-,1.7151,0.0,-1.041,1.7103,1.7052
2025-10-02 07:50:00,-,-,1.7156,0.0,-0.451,1.7128,1.7067
2025-10-02 07:51:00,-,-,1.7196,0.0,-0.21,1.7145,1.7078
2025-10-02 07:52:00,-,-,1.7224,0.0,-0.844,1.7171,1.7096
2025-10-02 07:53:00,-,-,1.7206,0.0,-1.036,1.7182,1.7109
2025-10-02 07:54:00,-,-,1.7145,0.0,-0.532,1.7176,1.7117
2025-10-02 07:55:00,-,-,1.7163,0.0,-0.394,1.7179,1.7131
2025-10-02 07:56:00,-,-,1.7277,0.0,-0.713,1.7203,1.7154
2025-10-02 07:57:00,-,-,1.7326,0.0,-0.524,1.7226,1.7177
2025-10-02 07:58:00,-,-,1.7265,0.0,0.026,1.7231,1.7191
2025-10-02 07:59:00,-,-,1.7305,0.0,-1.344,1.7245,1.7208
2025-10-02 08:00:00,-,-,1.7271,0.0,-0.508,1.7255,1.7216
2025-10-02 08:01:00,-,-,1.7217,0.0,-0.077,1.7259,1.7219
2025-10-02 08:02:00,-,-,1.7296,0.0,-0.289,1.7276,1.7232
2025-10-02 08:03:00,-,-,1.7245,0.0,-0.084,1.7262,1.7234
2025-10-02 08:04:00,-,-,1.729,0.0,-0.128,1.7266,1.7244
2025-10-02 08:05:00,-,-,1.7339,0.0,0.06,1.7276,1.7255
2025-10-02 08:06:00,-,-,1.7376,0.0,-0.209,1.7292,1.7268
2025-10-02 08:07:00,-,-,1.7358,0.0,0.532,1.7316,1.7284
2025-10-02 08:08:00,-,-,1.7411,0.0,-0.144,1.7336,1.7301
2025-10-02 08:09:00,-,-,1.7421,0.0,-0.351,1.7359,1.7315
2025-10-02 08:10:00,-,-,1.7538,0.0,-1.169,1.7409,1.7337
2025-10-02 08:11:00,-,-,1.7513,0.0,-0.51,1.7435,1.7352
2025-10-02 08:12:00,-,-,1.756,0.0,-0.46,1.7468,1.7373
2025-10-02 08:13:00,-,-,1.7574,0.0,-0.582,1.7494,1.7393
2025-10-02 08:14:00,-,-,1.7585,0.0,-0.728,1.7522,1.7418
2025-10-02 08:15:00,-,-,1.7622,0.0,-0.729,1.7553,1.7444
2025-10-02 08:16:00,-,-,1.7604,0.0,0.611,1.7572,1.747
2025-10-02 08:17:00,-,-,1.7621,0.0,-0.57,1.7589,1.7497
2025-10-02 08:18:00,-,-,1.76015,0.0,-0.456,1.7598,1.7518
2025-10-02 08:19:00,-,-,1.7592,0.0,-0.616,1.7597,1.7533
2025-10-02 08:20:00,-,-,1.7513,0.0,0.983,1.7577,1.7537
2025-10-02 08:21:00,-,-,1.7515,0.0,0.111,1.7561,1.7544
2025-10-02 08:22:00,-,-,1.7483,0.0,0.04,1.7539,1.7546
2025-10-02 08:23:00,-,-,1.7465,0.0,0.688,1.7516,1.7544
2025-10-02 08:24:00,-,-,1.7483,0.0,0.319,1.7496,1.7541
2025-10-02 08:25:00,-,-,1.7481,0.0,-0.036,1.7485,1.754
2025-10-02 08:26:00,-,-,1.74765,0.0,-0.142,1.7476,1.7533
2025-10-02 08:27:00,-,-,1.7469,0.0,0.309,1.7468,1.7523
2025-10-02 08:28:00,-,-,1.7551,0.0,-0.381,1.7487,1.7522
2025-10-02 08:29:00,-,-,1.7529,0.0,-0.604,1.7493,1.7516
2025-10-02 08:30:00,-,-,1.75,0.0,-0.279,1.7497,1.7507
2025-10-02 08:31:00,-,-,1.7462,0.0,0.329,1.7491,1.7495
2025-10-02 08:32:00,-,-,1.75405,0.0,-0.449,1.75,1.7492
2025-10-02 08:33:00,-,-,1.7484,0.0,-0.088,1.7496,1.7485
2025-10-02 08:34:00,-,-,1.7438,0.0,0.615,1.7482,1.7479
2025-10-02 08:35:00,-,-,1.7437,0.0,0.459,1.7464,1.7475
2025-10-02 08:36:00,-,-,1.74,0.0,0.897,1.7443,1.7468
2025-10-02 08:37:00,-,-,1.7439,0.0,0.849,1.7442,1.7468
2025-10-02 08:38:00,-,-,1.7439,0.0,0.074,1.7434,1.7465
2025-10-02 08:39:00,-,-,1.7454,0.0,0.168,1.7429,1.7463
2025-10-02 08:40:00,-,-,1.7439,0.0,-0.598,1.7426,1.746
2025-10-02 08:41:00,-,-,1.7416,0.0,0.422,1.7425,1.7453
2025-10-02 08:42:00,-,-,1.7422,0.0,-0.102,1.7424,1.7443
2025-10-02 08:43:00,-,-,1.7471,0.0,-1.043,1.7436,1.7441
2025-10-02 08:44:00,-,-,1.747,0.0,-0.485,1.7444,1.7443
2025-10-02 08:45:00,-,-,1.7508,0.0,-1.18,1.7456,1.7446
2025-10-02 08:46:00,-,-,1.7556,0.0,-1.01,1.7475,1.7452
2025-10-02 08:47:00,-,-,1.7539,0.0,-0.526,1.7493,1.7459
2025-10-02 08:48:00,-,-,1.758,0.0,-1.582,1.7521,1.7472
2025-10-02 08:49:00,-,-,1.75025,0.0,-1.842,1.7524,1.7476
2025-10-02 08:50:00,-,-,1.7509,0.0,-0.698,1.7529,1.7483
2025-10-02 08:51:00,-,-,1.7359,0.0,-0.33,1.7496,1.7471
2025-10-02 08:52:00,-,-,1.7393,0.0,0.414,1.7478,1.7469
2025-10-02 08:53:00,-,-,1.7375,0.0,0.583,1.7449,1.7462
2025-10-02 08:54:00,-,-,1.7397,0.0,0.055,1.7425,1.746
2025-10-02 08:55:00,-,-,1.7389,0.0,0.872,1.7405,1.746
2025-10-02 08:56:00,-,-,1.7454,0.0,0.19,1.7399,1.7462
2025-10-02 08:57:00,-,-,1.7467,0.0,0.672,1.7405,1.7462
2025-10-02 08:58:00,-,-,1.7487,0.0,-0.275,1.7425,1.7462
2025-10-02 08:59:00,-,-,1.7448,0.0,-0.32,1.7434,1.7454
2025-10-02 09:00:00,-,-,1.743,0.0,-0.345,1.7441,1.7446
2025-10-02 09:01:00,-,-,1.7433,0.0,-0.131,1.7446,1.7435
2025-10-02 09:02:00,-,-,1.745,0.0,-0.566,1.7455,1.7431
2025-10-02 09:03:00,-,-,1.7539,0.0,-0.154,1.7474,1.7437
2025-10-02 09:04:00,-,-,1.75,0.0,-0.11,1.7473,1.744
2025-10-02 09:05:00,-,-,1.7586,0.0,-0.638,1.7492,1.7457
2025-10-02 09:06:00,-,-,1.74975,0.0,-0.489,1.7489,1.7461
2025-10-02 09:07:00,-,-,1.7478,0.0,-0.386,1.7493,1.7468
2025-10-02 09:08:00,-,-,1.7515,0.0,-0.332,1.7499,1.7474
2025-10-02 09:09:00,-,-,1.7494,0.0,-0.84,1.7497,1.7479
2025-10-02 09:10:00,-,-,1.746,0.0,-0.323,1.7485,1.7478
2025-10-02 09:11:00,-,-,1.7441,0.0,-0.585,1.7468,1.7474
2025-10-02 09:12:00,-,-,1.7531,0.0,0.386,1.7474,1.748
2025-10-02 09:13:00,-,-,1.75045,0.0,0.417,1.7477,1.7483
2025-10-02 09:14:00,-,-,1.7542,0.0,0.47,1.7491,1.7493
2025-10-02 09:15:00,-,-,1.756,0.0,0.021,1.7501,1.7501
2025-10-02 09:16:00,-,-,1.7521,0.0,-0.256,1.7502,1.7499
2025-10-02 09:17:00,-,-,1.7487,0.0,-0.568,1.7507,1.7496
2025-10-02 09:18:00,-,-,1.74965,0.0,-0.279,1.7509,1.7492
2025-10-02 09:19:00,-,-,1.75095,0.0,0.419,1.7507,1.7489
2025-10-02 09:20:00,-,-,1.7562,0.0,0.114,1.7515,1.7497
2025-10-02 09:21:00,-,-,1.7648,0.0,-1.037,1.753,1.751
2025-10-02 09:22:00,-,-,1.7622,0.0,-0.301,1.7542,1.7519
2025-10-02 09:23:00,-,-,1.7665,0.0,-1.395,1.7563,1.7532
2025-10-02 09:24:00,-,-,1.7717,0.0,-0.694,1.761,1.7558
2025-10-02 09:25:00,-,-,1.76785,0.0,-0.516,1.7627,1.7568
2025-10-02 09:26:00,-,-,1.7732,0.0,-0.499,1.7664,1.7587
2025-10-02 09:27:00,-,-,1.7681,0.0,-0.484,1.767,1.7595
2025-10-02 09:28:00,-,-,1.7685,0.0,-0.47,1.7679,1.7604
2025-10-02 09:29:00,-,-,1.7671,0.0,-0.33,1.7679,1.7612
2025-10-02 09:30:00,-,-,1.7665,0.0,-0.129,1.7669,1.7622
2025-10-02 09:31:00,-,-,1.76,0.0,0.313,1.7649,1.7627
2025-10-02 09:32:00,-,-,1.7611,0.0,0.392,1.7635,1.7634
2025-10-02 09:33:00,-,-,1.7665,0.0,0.635,1.7639,1.7649
2025-10-02 09:34:00,-,-,1.7825,0.0,-0.019,1.7668,1.767
2025-10-02 09:35:00,-,-,1.7828,0.0,0.113,1.7688,1.7683
2025-10-02 09:36:00,-,-,1.7772,0.0,-0.265,1.7709,1.7694
2025-10-02 09:37:00,-,-,1.7829,0.0,-0.368,1.7742,1.7703
2025-10-02 09:38:00,-,-,1.7848,0.0,-0.451,1.7781,1.7715
2025-10-02 09:39:00,-,-,1.7792,0.0,-0.397,1.7801,1.7721
2025-10-02 09:40:00,-,-,1.7825,0.0,-1.119,1.781,1.7729
2025-10-02 09:41:00,-,-,1.7798,0.0,-0.486,1.7808,1.7737
2025-10-02 09:42:00,-,-,1.7778,0.0,-0.495,1.7801,1.7744
2025-10-02 09:43:00,-,-,1.7741,0.0,0.027,1.7787,1.7749
2025-10-02 09:44:00,-,-,1.7775,0.0,0.586,1.778,1.7762
2025-10-02 09:45:00,-,-,1.7764,0.0,0.549,1.7771,1.7774
2025-10-02 09:46:00,-,-,1.7747,0.0,0.378,1.7759,1.778
2025-10-02 09:47:00,-,-,1.7748,0.0,0.853,1.7752,1.778
2025-10-02 09:48:00,-,-,1.7755,0.0,0.643,1.775,1.7778
2025-10-02 09:49:00,-,-,1.78,0.0,-0.559,1.7758,1.7778
2025-10-02 09:50:00,-,-,1.77915,0.0,0.256,1.7758,1.7774
2025-10-02 09:51:00,-,-,1.7732,0.0,0.267,1.7751,1.7765
2025-10-02 09:52:00,-,-,1.7696,0.0,-0.058,1.7741,1.7755
2025-10-02 09:53:00,-,-,1.7672,0.0,0.442,1.7729,1.7744
2025-10-02 09:54:00,-,-,1.7674,0.0,0.304,1.7718,1.7735
2025-10-02 09:55:00,-,-,1.766,0.0,0.717,1.7701,1.7726
2025-10-02 09:56:00,-,-,1.7688,0.0,0.101,1.7686,1.7721
2025-10-02 09:57:00,-,-,1.7662,0.0,0.385,1.7671,1.7713
2025-10-02 09:58:00,-,-,1.76585,0.0,0.744,1.7666,1.7707
2025-10-02 09:59:00,-,-,1.7698,0.0,0.451,1.767,1.7705
2025-10-02 10:00:00,-,-,1.7676,0.0,1.212,1.7676,1.7703
2025-10-02 10:01:00,-,-,1.767,0.0,-0.423,1.7675,1.7696
2025-10-02 10:02:00,-,-,1.7629,0.0,0.281,1.7664,1.7683
2025-10-02 10:03:00,-,-,1.76205,0.0,0.501,1.7655,1.767
2025-10-02 10:04:00,-,-,1.7552,0.0,0.799,1.7632,1.7652
2025-10-02 10:05:00,-,-,1.7584,0.0,0.197,1.7623,1.7645
2025-10-02 10:06:00,-,-,1.754,0.0,1.042,1.7595,1.7631
2025-10-02 10:07:00,-,-,1.7556,0.0,0.187,1.7573,1.7624
2025-10-02 10:08:00,-,-,1.7537,0.0,0.327,1.7556,1.7613
2025-10-02 10:09:00,-,-,1.7522,0.0,0.483,1.7541,1.7602
2025-10-02 10:10:00,-,-,1.7515,0.0,1.018,1.7533,1.759
2025-10-02 10:11:00,-,-,1.756,0.0,0.16,1.7532,1.7583
2025-10-02 10:12:00,-,-,1.7541,0.0,-0.548,1.7522,1.757
2025-10-02 10:13:00,-,-,1.7525,0.0,0.645,1.7518,1.7557
2025-10-02 10:14:00,-,-,1.7486,0.0,1.096,1.7509,1.7541
2025-10-02 10:15:00,-,-,1.7535,0.0,0.516,1.7515,1.7535
2025-10-02 10:16:00,-,-,1.7579,0.0,-0.155,1.7528,1.7533
2025-10-02 10:17:00,-,-,1.7552,0.0,0.208,1.7521,1.7528
2025-10-02 10:18:00,-,-,1.7533,0.0,-0.131,1.752,1.7525
2025-10-02 10:19:00,-,-,1.7516,0.0,-0.655,1.7519,1.752
2025-10-02 10:20:00,-,-,1.7521,0.0,0.191,1.752,1.7518
2025-10-02 10:21:00,-,-,1.7541,0.0,-0.118,1.7526,1.7519
2025-10-02 10:22:00,-,-,1.7535,0.0,0.126,1.7523,1.752
2025-10-02 10:23:00,-,-,1.752,0.0,0.079,1.7517,1.752
2025-10-02 10:24:00,-,-,1.7476,0.0,0.06,1.7509,1.7515
2025-10-02 10:25:00,-,-,1.74565,0.0,0.289,1.7494,1.7507
2025-10-02 10:26:00,-,-,1.7412,0.0,0.599,1.7476,1.7497
2025-10-02 10:27:00,-,-,1.7429,0.0,0.458,1.7465,1.7493
2025-10-02 10:28:00,-,-,1.7436,0.0,-0.489,1.7449,1.7487
2025-10-02 10:29:00,-,-,1.7402,0.0,0.864,1.743,1.7476
2025-10-02 10:30:00,-,-,1.7443,0.0,0.445,1.7425,1.7469
2025-10-02 10:31:00,-,-,1.7458,0.0,-0.45,1.7422,1.7464
2025-10-02 10:32:00,-,-,1.7458,0.0,0.381,1.7429,1.746
2025-10-02 10:33:00,-,-,1.7437,0.0,0.162,1.7427,1.7452
2025-10-02 10:34:00,-,-,1.7381,0.0,0.453,1.7423,1.7444
2025-10-02 10:35:00,-,-,1.7376,0.0,-0.332,1.7415,1.7431
2025-10-02 10:36:00,-,-,1.7441,0.0,0.121,1.7421,1.7426
2025-10-02 10:37:00,-,-,1.7413,0.0,0.531,1.7412,1.7419
2025-10-02 10:38:00,-,-,1.7408,0.0,0.48,1.7406,1.7415
2025-10-02 10:39:00,-,-,1.73925,0.0,0.097,1.7397,1.7412
2025-10-02 10:40:00,-,-,1.7356,0.0,1.05,1.7388,1.7407
2025-10-02 10:41:00,-,-,1.7374,0.0,1.579,1.7389,1.7405
2025-10-02 10:42:00,-,-,1.745,0.0,0.241,1.7397,1.7408
2025-10-02 10:43:00,-,-,1.7471,0.0,0.361,1.7404,1.7411
2025-10-02 10:44:00,-,-,1.74505,0.0,-0.172,1.741,1.7411
2025-10-02 10:45:00,-,-,1.749,0.0,0.328,1.7426,1.7415
2025-10-02 10:46:00,-,-,1.7558,0.0,-0.423,1.7454,1.7425
2025-10-02 10:47:00,-,-,1.7528,0.0,-0.357,1.7476,1.7432
2025-10-02 10:48:00,-,-,1.7565,0.0,-0.274,1.7499,1.7445
2025-10-02 10:49:00,-,-,1.7566,0.0,-1.147,1.7515,1.7457
2025-10-02 10:50:00,-,-,1.7522,0.0,-0.93,1.752,1.7462
2025-10-02 10:51:00,-,-,1.7494,0.0,-0.646,1.7516,1.7464
2025-10-02 10:52:00,-,-,1.7511,0.0,0.042,1.7515,1.7473
2025-10-02 10:53:00,-,-,1.7523,0.0,-0.403,1.7514,1.7484
2025-10-02 10:54:00,-,-,1.7547,0.0,-0.527,1.7515,1.7497
2025-10-02 10:55:00,-,-,1.7542,0.0,0.057,1.7516,1.7508
2025-10-02 10:56:00,-,-,1.7558,0.0,-0.483,1.7516,1.7514
2025-10-02 10:57:00,-,-,1.7545,0.0,0.103,1.7528,1.7522
2025-10-02 10:58:00,-,-,1.7549,0.0,0.244,1.7531,1.7525
2025-10-02 10:59:00,-,-,1.7533,0.0,-0.579,1.7531,1.7524
2025-10-02 11:00:00,-,-,1.7456,0.0,0.178,1.7519,1.7517
2025-10-02 11:01:00,-,-,1.7421,0.0,0.088,1.7498,1.7507
2025-10-02 11:02:00,-,-,1.7432,0.0,0.546,1.748,1.7498
2025-10-02 11:03:00,-,-,1.7425,0.0,1.397,1.746,1.7489
2025-10-02 11:04:00,-,-,1.7449,0.0,0.979,1.7448,1.7486
2025-10-02 11:05:00,-,-,1.7468,0.0,0.258,1.7442,1.7486
2025-10-02 11:06:00,-,-,1.7413,0.0,0.528,1.7428,1.7478
2025-10-02 11:07:00,-,-,1.7413,0.0,0.297,1.7423,1.747
2025-10-02 11:08:00,-,-,1.7413,0.0,0.243,1.7428,1.7463
2025-10-02 11:09:00,-,-,1.7403,0.0,-0.012,1.7423,1.7451
2025-10-02 11:10:00,-,-,1.741,0.0,0.418,1.742,1.7441
2025-10-02 11:11:00,-,-,1.7408,0.0,0.359,1.7414,1.7432
2025-10-02 11:12:00,-,-,1.7402,0.0,-0.044,1.7408,1.7423
2025-10-02 11:13:00,-,-,1.7395,0.0,0.595,1.7405,1.7417
2025-10-02 11:14:00,-,-,1.7399,0.0,1.293,1.7407,1.7416
2025-10-02 11:15:00,-,-,1.7459,0.0,0.766,1.7416,1.7421
2025-10-02 11:16:00,-,-,1.749,0.0,-0.527,1.7432,1.7428
2025-10-02 11:17:00,-,-,1.7494,0.0,0.099,1.7446,1.7433
2025-10-02 11:18:00,-,-,1.7524,0.0,-0.237,1.7465,1.7439
2025-10-02 11:19:00,-,-,1.7512,0.0,-0.522,1.7478,1.7442
2025-10-02 11:20:00,-,-,1.752,0.0,-0.373,1.7493,1.745
2025-10-02 11:21:00,-,-,1.75,0.0,-0.325,1.75,1.7455
2025-10-02 11:22:00,-,-,1.7523,0.0,-0.478,1.7508,1.7463
2025-10-02 11:23:00,-,-,1.7538,0.0,-0.853,1.7515,1.7473
2025-10-02 11:24:00,-,-,1.75,0.0,-0.599,1.7503,1.7475
2025-10-02 11:25:00,-,-,1.7463,0.0,0.542,1.75,1.7481
2025-10-02 11:26:00,-,-,1.7464,0.0,0.136,1.7492,1.7485
2025-10-02 11:27:00,-,-,1.7518,0.0,0.619,1.7497,1.7494
2025-10-02 11:28:00,-,-,1.7573,0.0,0.01,1.751,1.7506
2025-10-02 11:29:00,-,-,1.7589,0.0,-0.055,1.7517,1.7513
2025-10-02 11:30:00,-,-,1.7612,0.0,0.226,1.7535,1.7523
2025-10-02 11:31:00,-,-,1.7602,0.0,-0.453,1.7551,1.7528
2025-10-02 11:32:00,-,-,1.758,0.0,-0.552,1.7566,1.7532
2025-10-02 11:33:00,-,-,1.7576,0.0,0.354,1.758,1.7538
2025-10-02 11:34:00,-,-,1.7599,0.0,-1.075,1.759,1.7545
2025-10-02 11:35:00,-,-,1.7633,0.0,-0.801,1.7599,1.7555
2025-10-02 11:36:00,-,-,1.764,0.0,-0.613,1.7605,1.7562
2025-10-02 11:37:00,-,-,1.7615,0.0,0.736,1.7606,1.757
2025-10-02 11:38:00,-,-,1.7635,0.0,0.221,1.7614,1.7582
2025-10-02 11:39:00,-,-,1.763,0.0,1.107,1.7623,1.7595
2025-10-02 11:40:00,-,-,1.7671,0.0,-0.504,1.7638,1.761
2025-10-02 11:41:00,-,-,1.7692,0.0,-0.258,1.7651,1.7622
2025-10-02 11:42:00,-,-,1.7683,0.0,1.087,1.7662,1.7631
2025-10-02 11:43:00,-,-,1.7742,0.0,-0.777,1.7682,1.7643
2025-10-02 11:44:00,-,-,1.7717,0.0,0.808,1.7697,1.7652
2025-10-02 11:45:00,-,-,1.7857,0.0,-0.42,1.774,1.7677
2025-10-02 11:46:00,-,-,1.7856,0.0,0.168,1.7772,1.7698
2025-10-02 11:47:00,-,-,1.7899,0.0,-0.768,1.7805,1.7722
2025-10-02 11:48:00,-,-,1.7816,0.0,-0.035,1.7821,1.7736
2025-10-02 11:49:00,-,-,1.7855,0.0,-0.331,1.7839,1.7752
2025-10-02 11:50:00,-,-,1.7822,0.0,-0.97,1.7847,1.7764
2025-10-02 11:51:00,-,-,1.779,0.0,0.291,1.784,1.7774
2025-10-02 11:52:00,-,-,1.7844,0.0,0.061,1.7839,1.779
2025-10-02 11:53:00,-,-,1.78335,0.0,-0.176,1.7831,1.7802
2025-10-02 11:54:00,-,-,1.7807,0.0,0.49,1.7821,1.781
2025-10-02 11:55:00,-,-,1.7761,0.0,-0.039,1.78,1.781
2025-10-02 11:56:00,-,-,1.775,0.0,-0.169,1.779,1.7813
2025-10-02 11:57:00,-,-,1.7692,0.0,-0.173,1.7772,1.7808
2025-10-02 11:58:00,-,-,1.7646,0.0,-0.245,1.7749,1.7796
2025-10-02 11:59:00,-,-,1.7645,0.0,0.208,1.7721,1.778
2025-10-02 12:00:00,-,-,1.7651,0.0,-0.013,1.7697,1.7763
2025-10-02 12:01:00,-,-,1.7645,0.0,0.88,1.7675,1.7746
2025-10-02 12:02:00,-,-,1.7666,0.0,1.15,1.7667,1.7735
2025-10-02 12:03:00,-,-,1.7762,0.0,0.695,1.768,1.7733
2025-10-02 12:04:00,-,-,1.7749,0.0,0.25,1.7687,1.7728
2025-10-02 12:05:00,-,-,1.781,0.0,0.406,1.771,1.7729
2025-10-02 12:06:00,-,-,1.782,0.0,0.146,1.7735,1.7728
2025-10-02 12:07:00,-,-,1.78055,0.0,-0.996,1.7761,1.7728
2025-10-02 12:08:00,-,-,1.7842,0.0,-0.896,1.779,1.7734
2025-10-02 12:09:00,-,-,1.79,0.0,0.199,1.7818,1.7745
2025-10-02 12:10:00,-,-,1.7911,0.0,-0.789,1.784,1.7758
2025-10-02 12:11:00,-,-,1.792,0.0,-0.976,1.7864,1.7777
2025-10-02 12:12:00,-,-,1.798,0.0,-2.308,1.789,1.78
2025-10-02 12:13:00,-,-,1.8065,0.0,-1.336,1.7932,1.7833
2025-10-02 12:14:00,-,-,1.8062,0.0,-0.78,1.7967,1.7865
2025-10-02 12:15:00,-,-,1.8294,0.0,-1.905,1.8034,1.7913
2025-10-02 12:16:00,-,-,1.8178,0.0,-1.159,1.8075,1.7946
2025-10-02 12:17:00,-,-,1.83055,0.0,-1.265,1.8135,1.7988
2025-10-02 12:18:00,-,-,1.824,0.0,-0.368,1.8168,1.8017
2025-10-02 12:19:00,-,-,1.8282,0.0,-0.123,1.8208,1.8053
2025-10-02 12:20:00,-,-,1.8225,0.0,0.216,1.823,1.8081
2025-10-02 12:21:00,-,-,1.8267,0.0,-1.11,1.8243,1.8112
2025-10-02 12:22:00,-,-,1.8283,0.0,-0.609,1.8258,1.8145
2025-10-02 12:23:00,-,-,1.83495,0.0,-0.727,1.827,1.8176
2025-10-02 12:24:00,-,-,1.8355,0.0,0.157,1.8283,1.8206
2025-10-02 12:25:00,-,-,1.832,0.0,0.047,1.8288,1.8229
2025-10-02 12:26:00,-,-,1.8402,0.0,0.476,1.8316,1.826
2025-10-02 12:27:00,-,-,1.8417,0.0,-0.38,1.8341,1.8287
2025-10-02 12:28:00,-,-,1.8471,0.0,0.367,1.8374,1.831
2025-10-02 12:29:00,-,-,1.8465,0.0,-0.862,1.8399,1.8329
2025-10-02 12:30:00,-,-,1.84,0.0,0.018,1.8404,1.8338
2025-10-02 12:31:00,-,-,1.8394,0.0,0.021,1.8427,1.8353
2025-10-02 12:32:00,-,-,1.8345,0.0,-0.524,1.842,1.8357
2025-10-02 12:33:00,-,-,1.8368,0.0,-0.456,1.8416,1.8367
2025-10-02 12:34:00,-,-,1.8376,0.0,0.882,1.8404,1.8375
2025-10-02 12:35:00,-,-,1.8393,0.0,0.467,1.8394,1.8385
2025-10-02 12:36:00,-,-,1.8429,0.0,-0.686,1.8395,1.8395
2025-10-02 12:37:00,-,-,1.8427,0.0,0.138,1.8399,1.8403
2025-10-02 12:38:00,-,-,1.8477,0.0,-0.267,1.8415,1.8417
2025-10-02 12:39:00,-,-,1.8464,0.0,-0.303,1.8428,1.8426
2025-10-02 12:40:00,-,-,1.8376,0.0,0.367,1.8413,1.8414
2025-10-02 12:41:00,-,-,1.8302,0.0,0.553,1.8401,1.8403
2025-10-02 12:42:00,-,-,1.8246,0.0,-0.022,1.837,1.8384
2025-10-02 12:43:00,-,-,1.8256,0.0,-0.478,1.8346,1.8371
2025-10-02 12:44:00,-,-,1.824,0.0,1.02,1.8313,1.8358
2025-10-02 12:45:00,-,-,1.8411,0.0,0.087,1.8312,1.8363
2025-10-02 12:46:00,-,-,1.83755,0.0,0.351,1.8307,1.8362
2025-10-02 12:47:00,-,-,1.8312,0.0,0.268,1.8301,1.8355
2025-10-02 12:48:00,-,-,1.8299,0.0,0.59,1.8297,1.8346
2025-10-02 12:49:00,-,-,1.8299,0.0,-0.281,1.8308,1.834
2025-10-02 12:50:00,-,-,1.8282,0.0,-0.259,1.831,1.8327
2025-10-02 12:51:00,-,-,1.8369,0.0,-0.214,1.8321,1.8324
2025-10-02 12:52:00,-,-,1.8426,0.0,0.772,1.8332,1.8322
2025-10-02 12:53:00,-,-,1.833,0.0,0.571,1.8326,1.8314
2025-10-02 12:54:00,-,-,1.8427,0.0,-0.258,1.8352,1.8326
2025-10-02 12:55:00,-,-,1.8473,0.0,0.367,1.8378,1.834
2025-10-02 12:56:00,-,-,1.8491,0.0,0.095,1.841,1.8357
2025-10-02 12:57:00,-,-,1.8412,0.0,0.142,1.8417,1.8367
2025-10-02 12:58:00,-,-,1.8449,0.0,0.203,1.8419,1.8372
2025-10-02 12:59:00,-,-,1.8373,0.0,0.2,1.8415,1.837
2025-10-02 13:00:00,-,-,1.8378,0.0,-0.499,1.8418,1.8375
2025-10-02 13:01:00,-,-,1.8322,0.0,0.027,1.8393,1.8374
2025-10-02 13:02:00,-,-,1.8286,0.0,0.096,1.836,1.8371
2025-10-02 13:03:00,-,-,1.82925,0.0,-0.161,1.8334,1.8369
2025-10-02 13:04:00,-,-,1.8238,0.0,-0.003,1.831,1.8364
2025-10-02 13:05:00,-,-,1.8287,0.0,0.652,1.8297,1.8357
2025-10-02 13:06:00,-,-,1.8339,0.0,0.147,1.8301,1.8359
2025-10-02 13:07:00,-,-,1.8417,0.0,-0.043,1.8309,1.8361
2025-10-02 13:08:00,-,-,1.8391,0.0,-0.386,1.8325,1.8358
2025-10-02 13:09:00,-,-,1.8385,0.0,-0.226,1.8339,1.835
2025-10-02 13:10:00,-,-,1.84285,0.0,-0.12,1.8364,1.8349
2025-10-02 13:11:00,-,-,1.8435,0.0,-1.01,1.8387,1.835
2025-10-02 13:12:00,-,-,1.8437,0.0,-1.443,1.84,1.8351
2025-10-02 13:13:00,-,-,1.8316,0.0,-0.261,1.8379,1.8341
2025-10-02 13:14:00,-,-,1.8251,0.0,0.04,1.835,1.833
2025-10-02 13:15:00,-,-,1.8146,0.0,-0.508,1.8306,1.8315
2025-10-02 13:16:00,-,-,1.8097,0.0,0.257,1.8264,1.8302
2025-10-02 13:17:00,-,-,1.8042,0.0,0.598,1.8199,1.8282
2025-10-02 13:18:00,-,-,1.795,0.0,0.082,1.8138,1.8262
2025-10-02 13:19:00,-,-,1.8076,0.0,0.529,1.81,1.8246
2025-10-02 13:20:00,-,-,1.8263,0.0,0.006,1.811,1.8242
2025-10-02 13:21:00,-,-,1.8372,0.0,0.251,1.8144,1.8244
2025-10-02 13:22:00,-,-,1.8302,0.0,-0.081,1.8165,1.8235
2025-10-02 13:23:00,-,-,1.829,0.0,0.292,1.8198,1.8228
2025-10-02 13:24:00,-,-,1.8204,0.0,0.095,1.822,1.8208
2025-10-02 13:25:00,-,-,1.82,0.0,0.146,1.8245,1.8193
2025-10-02 13:26:00,-,-,1.8156,0.0,-0.236,1.8244,1.8178
2025-10-02 13:27:00,-,-,1.8144,0.0,-0.744,1.8217,1.8167
2025-10-02 13:28:00,-,-,1.81345,0.0,0.233,1.8187,1.8163
2025-10-02 13:29:00,-,-,1.8116,0.0,0.504,1.8159,1.8162
2025-10-02 13:30:00,-,-,1.8118,0.0,0.631,1.8143,1.8168
2025-10-02 13:31:00,-,-,1.8184,0.0,0.311,1.8139,1.818
2025-10-02 13:32:00,-,-,1.8318,0.0,0.767,1.8169,1.8205
2025-10-02 13:33:00,-,-,1.83285,0.0,-0.095,1.8196,1.8219
2025-10-02 13:34:00,-,-,1.8272,0.0,0.165,1.8213,1.8216
2025-10-02 13:35:00,-,-,1.8229,0.0,-0.372,1.8227,1.8206
2025-10-02 13:36:00,-,-,1.8272,0.0,0.777,1.8251,1.8206
2025-10-02 13:37:00,-,-,1.83,0.0,0.724,1.8277,1.8211
2025-10-02 13:38:00,-,-,1.8251,0.0,0.237,1.8267,1.8209
2025-10-02 13:39:00,-,-,1.8109,0.0,1.682,1.8226,1.8198
2025-10-02 13:40:00,-,-,1.8067,0.0,0.547,1.8188,1.8189
2025-10-02 13:41:00,-,-,1.8118,0.0,-0.033,1.8172,1.819
2025-10-02 13:42:00,-,-,1.8078,0.0,1.233,1.8147,1.8188
2025-10-02 13:43:00,-,-,1.8139,0.0,1.233,1.8139,1.8196
2025-10-02 13:44:00,-,-,1.8244,0.0,1.402,1.8141,1.8206
2025-10-02 13:45:00,-,-,1.8287,0.0,0.937,1.8168,1.8212
2025-10-02 13:46:00,-,-,1.8317,0.0,1.549,1.8203,1.8213
2025-10-02 13:47:00,-,-,1.8233,0.0,0.2,1.8222,1.8206
2025-10-02 13:48:00,-,-,1.8196,0.0,0.456,1.8235,1.8202
2025-10-02 13:49:00,-,-,1.8179,0.0,-0.586,1.824,1.8197
2025-10-02 13:50:00,-,-,1.8169,0.0,-0.886,1.8232,1.8187
2025-10-02 13:51:00,-,-,1.8147,0.0,0.159,1.8207,1.8176
2025-10-02 13:52:00,-,-,1.8,0.0,0.369,1.8148,1.8159
2025-10-02 13:53:00,-,-,1.8013,0.0,0.824,1.811,1.8154
2025-10-02 13:54:00,-,-,1.8066,0.0,0.456,1.8094,1.8157
2025-10-02 13:55:00,-,-,1.8076,0.0,0.651,1.8069,1.8151
2025-10-02 13:56:00,-,-,1.8007,0.0,0.254,1.8043,1.814
2025-10-02 13:57:00,-,-,1.7913,0.0,0.421,1.7998,1.8114
2025-10-02 13:58:00,-,-,1.7852,0.0,0.963,1.7959,1.8078
2025-10-02 13:59:00,-,-,1.7849,0.0,0.111,1.7934,1.8043
2025-10-02 14:00:00,-,-,1.7925,0.0,-0.332,1.792,1.8018
2025-10-02 14:01:00,-,-,1.7855,0.0,0.57,1.789,1.7991
2025-10-02 14:02:00,-,-,1.7884,0.0,0.435,1.7868,1.7967
2025-10-02 14:03:00,-,-,1.7902,0.0,0.106,1.7863,1.7949
2025-10-02 14:04:00,-,-,1.7948,0.0,0.359,1.7877,1.7934
2025-10-02 14:05:00,-,-,1.7989,0.0,-0.423,1.7895,1.7927
2025-10-02 14:06:00,-,-,1.7843,0.0,-0.167,1.7882,1.7911
2025-10-02 14:07:00,-,-,1.7874,0.0,0.223,1.7884,1.7901
2025-10-02 14:08:00,-,-,1.7872,0.0,0.372,1.7888,1.7889
2025-10-02 14:09:00,-,-,1.789,0.0,0.594,1.7886,1.7878
2025-10-02 14:10:00,-,-,1.7848,0.0,0.1,1.7871,1.7868
2025-10-02 14:11:00,-,-,1.7591,0.0,-0.188,1.7799,1.7839
2025-10-02 14:12:00,-,-,1.7698,0.0,-0.792,1.7779,1.7833
2025-10-02 14:13:00,-,-,1.7762,0.0,-0.836,1.7769,1.7827
2025-10-02 14:14:00,-,-,1.7734,0.0,0.169,1.7748,1.7816
2025-10-02 14:15:00,-,-,1.7771,0.0,0.044,1.7737,1.7811
2025-10-02 14:16:00,-,-,1.7759,0.0,0.064,1.7718,1.78
2025-10-02 14:17:00,-,-,1.7771,0.0,0.467,1.7727,1.7789
2025-10-02 14:18:00,-,-,1.7673,0.0,0.314,1.772,1.7762
2025-10-02 14:19:00,-,-,1.7695,0.0,0.269,1.7714,1.7748
2025-10-02 14:20:00,-,-,1.7693,0.0,-0.186,1.7715,1.7741
2025-10-02 14:21:00,-,-,1.7757,0.0,-0.031,1.7716,1.7733
2025-10-02 14:22:00,-,-,1.7788,0.0,0.393,1.7717,1.7726
2025-10-02 14:23:00,-,-,1.7881,0.0,0.257,1.7739,1.773
2025-10-02 14:24:00,-,-,1.7919,0.0,-0.108,1.7775,1.7747
2025-10-02 14:25:00,-,-,1.7963,0.0,-0.368,1.782,1.7772
2025-10-02 14:26:00,-,-,1.7906,0.0,0.383,1.7847,1.7782
2025-10-02 14:27:00,-,-,1.7971,0.0,-0.35,1.7886,1.7802
2025-10-02 14:28:00,-,-,1.7986,0.0,-0.607,1.7921,1.7818
2025-10-02 14:29:00,-,-,1.7975,0.0,0.123,1.7946,1.7834
2025-10-02 14:30:00,-,-,1.8041,0.0,-0.206,1.7974,1.7858
2025-10-02 14:31:00,-,-,1.8023,0.0,-0.526,1.7984,1.7881
2025-10-02 14:32:00,-,-,1.7959,0.0,-0.193,1.7981,1.7898
2025-10-02 14:33:00,-,-,1.7902,0.0,0.195,1.7972,1.7911
2025-10-02 14:34:00,-,-,1.7951,0.0,-0.146,1.797,1.7928
2025-10-02 14:35:00,-,-,1.7991,0.0,-0.19,1.7975,1.7947
2025-10-02 14:36:00,-,-,1.7952,0.0,-0.325,1.7963,1.7956
2025-10-02 14:37:00,-,-,1.7942,0.0,-0.571,1.7947,1.7959
2025-10-02 14:38:00,-,-,1.7909,0.0,0.754,1.7937,1.7958
2025-10-02 14:39:00,-,-,1.7887,0.0,0.235,1.7929,1.7953
2025-10-02 14:40:00,-,-,1.7798,0.0,0.682,1.7906,1.7941
2025-10-02 14:41:00,-,-,1.78,0.0,0.289,1.7878,1.7925
2025-10-02 14:42:00,-,-,1.7755,0.0,-0.001,1.7843,1.7908
2025-10-02 14:43:00,-,-,1.7714,0.0,-0.06,1.7806,1.7884
2025-10-02 14:44:00,-,-,1.7676,0.0,1.122,1.7772,1.7858
2025-10-02 14:45:00,-,-,1.7746,0.0,0.793,1.7761,1.7847
2025-10-02 14:46:00,-,-,1.7771,0.0,0.724,1.7746,1.7834
2025-10-02 14:47:00,-,-,1.7706,0.0,-1.394,1.7728,1.7816
2025-10-02 14:48:00,-,-,1.7668,0.0,0.184,1.7711,1.7794
2025-10-02 14:49:00,-,-,1.7611,0.0,0.423,1.7688,1.7764
2025-10-02 14:50:00,-,-,1.7392,0.0,-1.524,1.7623,1.7714
2025-10-02 14:51:00,-,-,1.7518,0.0,-0.911,1.76,1.7689
2025-10-02 14:52:00,-,-,1.7478,0.0,-0.067,1.7555,1.7657
2025-10-02 14:53:00,-,-,1.7428,0.0,0.398,1.7504,1.7623
2025-10-02 14:54:00,-,-,1.73215,0.0,0.685,1.7441,1.7583
2025-10-02 14:55:00,-,-,1.7327,0.0,0.51,1.7398,1.7552
2025-10-02 14:56:00,-,-,1.7278,0.0,0.381,1.7361,1.7515
2025-10-02 14:57:00,-,-,1.7348,0.0,0.84,1.7342,1.7487
2025-10-02 14:58:00,-,-,1.7168,0.0,1.259,1.73,1.7449
2025-10-02 14:59:00,-,-,1.7276,0.0,-0.055,1.7277,1.7414
2025-10-02 15:00:00,-,-,1.7299,0.0,0.774,1.7271,1.7384
2025-10-02 15:01:00,-,-,1.729,0.0,0.663,1.7264,1.7353
2025-10-02 15:02:00,-,-,1.7311,0.0,-0.474,1.7269,1.7331
2025-10-02 15:03:00,-,-,1.7267,0.0,-0.155,1.7263,1.7314
2025-10-02 15:04:00,-,-,1.7231,0.0,-0.732,1.7259,1.7297
2025-10-02 15:05:00,-,-,1.7213,0.0,-0.325,1.7249,1.7276
2025-10-02 15:06:00,-,-,1.7323,0.0,-0.319,1.7267,1.7273
2025-10-02 15:07:00,-,-,1.7362,0.0,-0.431,1.7275,1.7272
2025-10-02 15:08:00,-,-,1.7425,0.0,-0.551,1.7299,1.7282
2025-10-02 15:09:00,-,-,1.7464,0.0,0.164,1.733,1.7297
2025-10-02 15:10:00,-,-,1.773,0.0,-0.532,1.7411,1.7336
2025-10-02 15:11:00,-,-,1.7629,0.0,-0.76,1.7469,1.7362
2025-10-02 15:12:00,-,-,1.7682,0.0,-0.66,1.7532,1.7395
2025-10-02 15:13:00,-,-,1.7723,0.0,-0.524,1.7592,1.7429
2025-10-02 15:14:00,-,-,1.7654,0.0,-0.491,1.7622,1.7451
2025-10-02 15:15:00,-,-,1.7578,0.0,0.059,1.7639,1.7471
2025-10-02 15:16:00,-,-,1.765,0.0,0.497,1.7654,1.7501
2025-10-02 15:17:00,-,-,1.7583,0.0,-0.104,1.764,1.7524
2025-10-02 15:18:00,-,-,1.7642,0.0,-0.381,1.7643,1.7558
2025-10-02 15:19:00,-,-,1.7677,0.0,-0.192,1.7641,1.7588
2025-10-02 15:20:00,-,-,1.7615,0.0,-0.727,1.7628,1.7607
2025-10-02 15:21:00,-,-,1.7598,0.0,-0.591,1.7621,1.762
2025-10-02 15:22:00,-,-,1.7662,0.0,-0.023,1.7643,1.7644
2025-10-02 15:23:00,-,-,1.7768,0.0,-1.269,1.7667,1.7658
2025-10-02 15:24:00,-,-,1.7714,0.0,-0.42,1.7677,1.766
2025-10-02 15:25:00,-,-,1.7747,0.0,0.035,1.7691,1.7667
2025-10-02 15:26:00,-,-,1.7681,0.0,-0.07,1.7691,1.7664
2025-10-02 15:27:00,-,-,1.7647,0.0,0.203,1.7693,1.7659
2025-10-02 15:28:00,-,-,1.7686,0.0,0.359,1.7702,1.7666
2025-10-02 15:29:00,-,-,1.7678,0.0,0.261,1.7691,1.7669
2025-10-02 15:30:00,-,-,1.7546,0.0,-0.092,1.7654,1.7659
2025-10-02 15:31:00,-,-,1.7549,0.0,0.337,1.762,1.765
2025-10-02 15:32:00,-,-,1.7539,0.0,0.706,1.7596,1.7641
2025-10-02 15:33:00,-,-,1.7562,0.0,0.4,1.7588,1.7638
2025-10-02 15:34:00,-,-,1.7608,0.0,-0.204,1.7584,1.764
2025-10-02 15:35:00,-,-,1.7543,0.0,0.335,1.7567,1.7634
2025-10-02 15:36:00,-,-,1.7611,0.0,0.16,1.7569,1.7626
2025-10-02 15:37:00,-,-,1.7556,0.0,-0.294,1.7569,1.761
2025-10-02 15:38:00,-,-,1.7507,0.0,0.166,1.7565,1.7593
2025-10-02 15:39:00,-,-,1.75145,0.0,0.774,1.756,1.758
2025-10-02 15:40:00,-,-,1.7558,0.0,0.206,1.7556,1.7573
2025-10-02 15:41:00,-,-,1.7598,0.0,0.101,1.756,1.757
2025-10-02 15:42:00,-,-,1.7693,0.0,0.359,1.7583,1.7576
2025-10-02 15:43:00,-,-,1.7701,0.0,0.069,1.7596,1.7581
2025-10-02 15:44:00,-,-,1.7802,0.0,0.987,1.7643,1.7604
2025-10-02 15:45:00,-,-,1.7782,0.0,-0.632,1.7688,1.7626
2025-10-02 15:46:00,-,-,1.7797,0.0,-0.003,1.7728,1.7645
2025-10-02 15:47:00,-,-,1.7802,0.0,-0.332,1.7758,1.7658
2025-10-02 15:48:00,-,-,1.7815,0.0,-0.34,1.7783,1.7675
2025-10-02 15:49:00,-,-,1.78,0.0,-1.02,1.7796,1.7689
2025-10-02 15:50:00,-,-,1.7873,0.0,-0.569,1.7817,1.7711
2025-10-02 15:51:00,-,-,1.7844,0.0,-0.88,1.782,1.7732
2025-10-02 15:52:00,-,-,1.7866,0.0,0.111,1.783,1.7759
2025-10-02 15:53:00,-,-,1.7887,0.0,-0.473,1.784,1.7783
2025-10-02 15:54:00,-,-,1.7922,0.0,-0.11,1.7856,1.7808
2025-10-02 15:55:00,-,-,1.7915,0.0,-0.209,1.7864,1.7823
2025-10-02 15:56:00,-,-,1.7903,0.0,-0.122,1.7879,1.784
2025-10-02 15:57:00,-,-,1.7867,0.0,0.742,1.787,1.7843
2025-10-02 15:58:00,-,-,1.7878,0.0,-0.449,1.7874,1.7848
2025-10-02 15:59:00,-,-,1.7831,0.0,-0.124,1.7862,1.7846
2025-10-02 16:00:00,-,-,1.7777,0.0,0.119,1.7844,1.7843
2025-10-02 16:01:00,-,-,1.7794,0.0,-0.314,1.783,1.7842
2025-10-02 16:02:00,-,-,1.786,0.0,0.12,1.7828,1.7848
2025-10-02 16:03:00,-,-,1.792,0.0,0.167,1.784,1.7856
2025-10-02 16:04:00,-,-,1.7848,0.0,1.016,1.783,1.7851
2025-10-02 16:05:00,-,-,1.7808,0.0,-0.226,1.7827,1.7849
2025-10-02 16:06:00,-,-,1.7877,0.0,0.161,1.7841,1.7851
2025-10-02 16:07:00,-,-,1.7827,0.0,-0.481,1.7844,1.7844
2025-10-02 16:08:00,-,-,1.7855,0.0,0.89,1.7848,1.7841
2025-10-02 16:09:00,-,-,1.7888,0.0,0.261,1.7848,1.7841
2025-10-02 16:10:00,-,-,1.79,0.0,-0.59,1.7857,1.7845
2025-10-02 16:11:00,-,-,1.7933,0.0,-0.33,1.7887,1.7858
2025-10-02 16:12:00,-,-,1.7958,0.0,-0.122,1.7885,1.7858
2025-10-02 16:13:00,-,-,1.7943,0.0,-0.12,1.7902,1.787
2025-10-02 16:14:00,-,-,1.7891,0.0,-0.038,1.7904,1.7874
2025-10-02 16:15:00,-,-,1.7928,0.0,-0.148,1.7913,1.7881
2025-10-02 16:16:00,-,-,1.8056,0.0,-0.41,1.7947,1.7899
2025-10-02 16:17:00,-,-,1.8021,0.0,-0.445,1.7951,1.7907
2025-10-02 16:18:00,-,-,1.8068,0.0,-0.296,1.7975,1.7927
2025-10-02 16:19:00,-,-,1.804,0.0,-0.268,1.7985,1.7938
2025-10-02 16:20:00,-,-,1.7951,0.0,0.091,1.7986,1.7942
2025-10-02 16:21:00,-,-,1.7965,0.0,-0.212,1.7998,1.7952
2025-10-02 16:22:00,-,-,1.7935,0.0,-0.318,1.799,1.7957
2025-10-02 16:23:00,-,-,1.7952,0.0,-0.19,1.7979,1.7961
2025-10-02 16:24:00,-,-,1.8062,0.0,-0.359,1.7991,1.7974
2025-10-02 16:25:00,-,-,1.802,0.0,-0.394,1.7984,1.7977
2025-10-02 16:26:00,-,-,1.7994,0.0,-0.121,1.7983,1.7981
2025-10-02 16:27:00,-,-,1.8021,0.0,0.028,1.7993,1.799
2025-10-02 16:28:00,-,-,1.80175,0.0,-0.426,1.8,1.7998
2025-10-02 16:29:00,-,-,1.8054,0.0,-0.506,1.8015,1.8003
2025-10-02 16:30:00,-,-,1.7982,0.0,-0.025,1.8005,1.7996
2025-10-02 16:31:00,-,-,1.7983,0.0,0.229,1.7996,1.7992
2025-10-02 16:32:00,-,-,1.8001,0.0,-0.355,1.7998,1.7989
2025-10-02 16:33:00,-,-,1.7974,0.0,0.728,1.7989,1.7987
2025-10-02 16:34:00,-,-,1.7976,0.0,0.7,1.7985,1.7989
2025-10-02 16:35:00,-,-,1.7974,0.0,0.096,1.7976,1.7989
2025-10-02 16:36:00,-,-,1.7981,0.0,1.1,1.7973,1.7991
2025-10-02 16:37:00,-,-,1.8005,0.0,-0.195,1.7989,1.7998
2025-10-02 16:38:00,-,-,1.8098,0.0,0.16,1.8001,1.7999
2025-10-02 16:39:00,-,-,1.8058,0.0,-1.816,1.8004,1.8
2025-10-02 16:40:00,-,-,1.7917,0.0,0.341,1.7989,1.7989
2025-10-02 16:41:00,-,-,1.7911,0.0,-0.007,1.7974,1.7979
2025-10-02 16:42:00,-,-,1.7817,0.0,0.79,1.7945,1.796
2025-10-02 16:43:00,-,-,1.7863,0.0,0.29,1.7926,1.7952
2025-10-02 16:44:00,-,-,1.7886,0.0,0.137,1.7904,1.7946
2025-10-02 16:45:00,-,-,1.7882,0.0,0.2,1.7877,1.7938
2025-10-02 16:46:00,-,-,1.7869,0.0,0.621,1.7865,1.7931
2025-10-02 16:47:00,-,-,1.7875,0.0,0.891,1.786,1.7922
2025-10-02 16:48:00,-,-,1.7805,0.0,0.739,1.7846,1.7907
2025-10-02 16:49:00,-,-,1.7796,0.0,0.71,1.7839,1.7893
2025-10-02 16:50:00,-,-,1.7834,0.0,0.823,1.7833,1.788
2025-10-02 16:51:00,-,-,1.788,0.0,0.014,1.7834,1.7868
2025-10-02 16:52:00,-,-,1.7914,0.0,0.495,1.7839,1.7858
2025-10-02 16:53:00,-,-,1.8074,0.0,-0.001,1.7878,1.787
2025-10-02 16:54:00,-,-,1.8094,0.0,-0.406,1.7912,1.7883
2025-10-02 16:55:00,-,-,1.8125,0.0,0.099,1.796,1.7903
2025-10-02 16:56:00,-,-,1.8186,0.0,-0.855,1.8016,1.7928
2025-10-02 16:57:00,-,-,1.827,0.0,-2.207,1.8077,1.7956
2025-10-02 16:58:00,-,-,1.8259,0.0,-0.944,1.8133,1.7984
2025-10-02 16:59:00,-,-,1.8306,0.0,-1.031,1.8183,1.8016
2025-10-02 17:00:00,-,-,1.8206,0.0,-1.524,1.8191,1.8035
2025-10-02 17:01:00,-,-,1.8182,0.0,-0.029,1.8206,1.806
2025-10-02 17:02:00,-,-,1.8168,0.0,-0.487,1.8202,1.8083
2025-10-02 17:03:00,-,-,1.8137,0.0,-0.165,1.8189,1.8106
2025-10-02 17:04:00,-,-,1.8163,0.0,0.213,1.8175,1.8127
2025-10-02 17:05:00,-,-,1.8203,0.0,-0.116,1.8167,1.8152
2025-10-02 17:06:00,-,-,1.8252,0.0,0.546,1.8171,1.8173
2025-10-02 17:07:00,-,-,1.8348,0.0,-0.257,1.8195,1.8194
2025-10-02 17:08:00,-,-,1.8409,0.0,-0.899,1.8228,1.8216
2025-10-02 17:09:00,-,-,1.8327,0.0,-0.379,1.8249,1.8225
2025-10-02 17:10:00,-,-,1.8336,0.0,0.146,1.8283,1.8236
2025-10-02 17:11:00,-,-,1.8355,0.0,-0.723,1.8306,1.8242
2025-10-02 17:12:00,-,-,1.8394,0.0,-0.9,1.833,1.825
2025-10-02 17:13:00,-,-,1.8408,0.0,-1.093,1.8349,1.8263
2025-10-02 17:14:00,-,-,1.8479,0.0,-0.742,1.8373,1.8286
2025-10-02 17:15:00,-,-,1.8486,0.0,-0.412,1.8388,1.8306
2025-10-02 17:16:00,-,-,1.8467,0.0,-0.698,1.8407,1.833
2025-10-02 17:17:00,-,-,1.8456,0.0,0.185,1.8422,1.8352
2025-10-02 17:18:00,-,-,1.8476,0.0,-1.399,1.8438,1.8373
2025-10-02 17:19:00,-,-,1.8458,0.0,-1.366,1.8446,1.839
2025-10-02 17:20:00,-,-,1.8443,0.0,-0.611,1.8441,1.8398
2025-10-02 17:21:00,-,-,1.8386,0.0,-0.201,1.8425,1.8397
2025-10-02 17:22:00,-,-,1.8426,0.0,-0.551,1.8423,1.8405
2025-10-02 17:23:00,-,-,1.8434,0.0,-0.49,1.8427,1.8417
2025-10-02 17:24:00,-,-,1.8425,0.0,-0.843,1.8418,1.8421
2025-10-02 17:25:00,-,-,1.84775,0.0,-1.268,1.8443,1.8441
2025-10-02 17:26:00,-,-,1.8536,0.0,-0.335,1.8454,1.8449
2025-10-02 17:27:00,-,-,1.8563,0.0,-1.14,1.848,1.8459
2025-10-02 17:28:00,-,-,1.84675,0.0,0.037,1.8484,1.8456
2025-10-02 17:29:00,-,-,1.847,0.0,-0.438,1.8489,1.8457
2025-10-02 17:30:00,-,-,1.8467,0.0,0.459,1.8493,1.8458
2025-10-02 17:31:00,-,-,1.8484,0.0,0.411,1.8493,1.8461
2025-10-02 17:32:00,-,-,1.8409,0.0,-0.238,1.8468,1.8454
2025-10-02 17:33:00,-,-,1.846,0.0,0.146,1.8461,1.8459
2025-10-02 17:34:00,-,-,1.8485,0.0,0.107,1.846,1.8467
2025-10-02 17:35:00,-,-,1.8424,0.0,0.048,1.8443,1.8465
2025-10-02 17:36:00,-,-,1.8314,0.0,0.804,1.8412,1.8451
2025-10-02 17:37:00,-,-,1.84,0.0,0.06,1.8404,1.8449
2025-10-02 17:38:00,-,-,1.8406,0.0,0.046,1.8407,1.8447
2025-10-02 17:39:00,-,-,1.8407,0.0,-0.084,1.8399,1.8435
2025-10-02 17:40:00,-,-,1.8466,0.0,0.011,1.84,1.8431
2025-10-02 17:41:00,-,-,1.8488,0.0,-0.314,1.8407,1.843
2025-10-02 17:42:00,-,-,1.8459,0.0,0.016,1.8422,1.8429
2025-10-02 17:43:00,-,-,1.8458,0.0,-0.028,1.8436,1.8427
2025-10-02 17:44:00,-,-,1.8403,0.0,-0.233,1.8428,1.8418
2025-10-02 17:45:00,-,-,1.8377,0.0,-0.248,1.8421,1.8413
2025-10-02 17:46:00,-,-,1.8328,0.0,0.389,1.8405,1.8404
2025-10-02 17:47:00,-,-,1.8345,0.0,0.754,1.8387,1.8395
2025-10-02 17:48:00,-,-,1.8363,0.0,0.563,1.8373,1.839
2025-10-02 17:49:00,-,-,1.842,0.0,0.821,1.8368,1.8395
2025-10-02 17:50:00,-,-,1.8465,0.0,0.46,1.8379,1.8405
2025-10-02 17:51:00,-,-,1.8433,0.0,0.511,1.8378,1.8403
2025-10-02 17:52:00,-,-,1.845,0.0,0.484,1.8393,1.8405
2025-10-02 17:53:00,-,-,1.8373,0.0,0.097,1.8392,1.8399
2025-10-02 17:54:00,-,-,1.8434,0.0,-0.072,1.8406,1.8397
2025-10-02 17:55:00,-,-,1.84425,0.0,-0.279,1.8414,1.8395
2025-10-02 17:56:00,-,-,1.8398,0.0,-0.424,1.8405,1.8388
2025-10-02 17:57:00,-,-,1.8365,0.0,-0.003,1.8393,1.8384
2025-10-02 17:58:00,-,-,1.8382,0.0,0.135,1.839,1.8385
2025-10-02 17:59:00,-,-,1.837,0.0,0.087,1.8386,1.8387
2025-10-02 18:00:00,-,-,1.8413,0.0,0.356,1.8389,1.8393
2025-10-02 18:01:00,-,-,1.8456,0.0,0.552,1.8393,1.8401
2025-10-02 18:02:00,-,-,1.8534,0.0,0.115,1.8418,1.8415
2025-10-02 18:03:00,-,-,1.8675,0.0,-0.508,1.8467,1.8436
2025-10-02 18:04:00,-,-,1.8708,0.0,-0.83,1.852,1.8458
2025-10-02 18:05:00,-,-,1.8693,0.0,-0.716,1.8564,1.8477
2025-10-02 18:06:00,-,-,1.8618,0.0,0.112,1.8591,1.8489
2025-10-02 18:07:00,-,-,1.8614,0.0,-0.636,1.8616,1.8504
2025-10-02 18:08:00,-,-,1.8595,0.0,-0.112,1.8627,1.8514
2025-10-02 18:09:00,-,-,1.8618,0.0,-0.188,1.8629,1.8528
